{
  "blogs": [
    {
      "title": "BSIT 32A1",
      "body": "Sample sample sample sample sample",
      "author": "eline",
      "id": 1
    },
    {
      "title": "IT Elective",
      "body": "AAAAAAAAAAAAAAAAAAAAAAAAAAAAAAAAAAAAAAAAAAa",
      "author": "chichi",
      "id": 2
    },
    {
      "title": "Ao no Exorcist",
      "body": "Favorite anime",
      "author": "celine",
      "id": 3
    },
    {
      "title": "Rio",
      "body": "Mimiiiiiing",
      "author": "chichi",
      "id": 4
    },
    {
      "title": "Rin Okumura",
      "body": "Crushie",
      "author": "celine",
      "id": 5
    },
    {
      "title": "Iguro Obanai",
      "body": "Animeeeeeeeeeeeee",
      "author": "celine",
      "id": 6
    }
  ]
}